{"1":[28.795852661132812,45.20139301126898,28.87550354003906,45.25072145953108],"2":[28.77276420593262,45.16485271859182,28.792762756347653,45.18010085752614]}