{"1":[28.794850918591813,45.200190886718985,28.87450179749806,45.24951933498108],"2":[28.77176246339162,45.16365059404182,28.791761013806653,45.178898732976144]}