{"0":[29.316989835325273,45.31202097110382,29.52410201910264,45.422368154284825],"1":[29.50106236052486,45.30781889630002,29.56143340811558,45.389176205984086],"2":[29.436285197388905,45.21588026742907,29.50867087223121,45.28220987053433],"3":[28.996332809576035,45.244312997688354,29.015646007385353,45.257519986704786],"4":[29.52154437685012,45.08790774260996,29.59490066378842,45.131505964027475],"5":[29.362519930989656,45.02353073922004,29.418272764474256,45.132650215220934],"6":[29.137142260802,45.02852881086401,29.160864504684824,45.037769079866266],"7":[29.421771351556803,44.97472508650679,29.431613542728513,44.98064681518336],"8":[28.964444588190467,44.96251452707257,28.984145727976895,44.97457920473641],"9":[29.221835546757603,44.77210697093824,29.619408742089767,44.90085020017696],"10":[28.976697838809642,44.69034659508303,29.138911056466135,44.78789413978647],"11":[28.915000608622282,44.75511692722846,28.943936822573605,44.77295803567022],"12":[28.83387191354321,44.629314575062146,28.989306950195335,44.70154745481903],"13":[28.7500806839106,44.50139277846078,28.778025870866347,44.552996871388125],"14":[28.79800893342424,44.51029609948115,28.89494254702566,44.56443724257183],"15":[28.504363875005804,45.225869158225194,28.528791816836936,45.24278148371393],"16":[29.223690718400835,45.147261842753444,29.29144414719104,45.17554018376522],"17":[29.41750236505669,44.94612788432292,29.439835596122492,44.9599873759458],"18":[28.93819594936743,44.65297320497037,28.952205753454553,44.66595311316094],"19":[28.79357549436978,44.58800581812036,28.815085148433752,44.60297563288481]}
