{"1":[28.793952626518813,45.20105388611257,28.87360350542506,45.25038233437466],"2":[28.77086417131862,45.1645135934354,28.790862721733653,45.17976173236973]}