{"0":[29.315089800711274,45.311681845947405,29.52220198448864,45.42202902912841],"1":[29.49916232591086,45.307479771143605,29.55953337350158,45.38883708082767],"2":[29.434385162774905,45.215541142272656,29.50677083761721,45.281870745377915],"3":[28.994432774962036,45.24397387253194,29.013745972771353,45.25718086154837],"4":[29.51964434223612,45.08756861745354,29.59300062917442,45.13116683887106],"5":[29.360619896375656,45.02319161406363,29.416372729860257,45.13231109006452],"6":[29.135242226188,45.028189685707595,29.158964470070824,45.03742995470985],"7":[29.419871316942803,44.97438596135037,29.429713508114514,44.98030769002695],"8":[28.962544553576468,44.962175401916156,28.982245693362895,44.97424007957999],"9":[29.219935512143604,44.771767845781824,29.617508707475768,44.900511075020546],"10":[28.974797804195642,44.69000746992661,29.137011021852135,44.78755501463005],"11":[28.913100574008283,44.75477780207204,28.942036787959605,44.772618910513806],"12":[28.83197187892921,44.62897544990573,28.987406915581335,44.70120832966261],"13":[28.7481806492966,44.50105365330437,28.776125836252348,44.55265774623171],"14":[28.79610889881024,44.50995697432474,28.89304251241166,44.56409811741541],"15":[28.502463840391805,45.22553003306878,28.526891782222936,45.24244235855751],"16":[29.221790683786836,45.14692271759703,29.28954411257704,45.175201058608806],"17":[29.41560233044269,44.945788759166504,29.437935561508493,44.959648250789385],"18":[28.93629591475343,44.65263407981396,28.950305718840553,44.66561398800452],"19":[28.79167545975578,44.58766669296394,28.813185113819753,44.60263650772839]}