{"1":[28.80206797732452,45.17139443765455,29.367204654079515,45.256323740578786],"2":[28.80205074876211,45.120409094389345,29.369192149722743,45.203274479333096],"3":[28.739937573702523,45.1816382615114,29.299612474427587,45.434521052299694],"4":[28.596166158233334,45.17906554139582,28.738147654199114,45.219899070340695],"5":[28.97533914452726,44.689987656938285,29.274806702956088,44.95219778830961],"6":[29.035904644350385,44.82670305634802,29.31774611477372,45.00219757181101],"7":[29.18712328365116,45.00232393996557,29.344295458807085,45.13818241427108],"8":[29.187059836477435,44.94517526747444,29.481994604224152,45.14167152224504],"9":[29.37705087443129,45.045505643583304,29.61292202641123,45.18421222353136],"10":[29.26033009761883,45.175713390441786,29.3929270331111,45.251454946223795],"11":[29.35543386205871,45.157977320669495,29.643533891465356,45.27041554535099],"12":[29.27942713014124,45.2955790837024,29.543475046655836,45.448231889903894],"13":[29.54962492754106,45.15955499006412,29.67952259577821,45.40889372586475],"14":[29.415708726642023,44.898454344190505,29.642794587906327,45.16010501345218],"15":[29.5846747862092,44.83836315217668,29.593630865199234,44.895245717038975],"D1":[29.520929837510717,45.28152227258383,29.599107203086835,45.39877860674476],"D2":[29.388492802473387,45.02377240485219,29.412966861710593,45.075874543539065],"D3":[29.155405673997237,45.028986695012264,29.161188146871247,45.03737574878665],"D4":[28.794796069776794,45.191551041768854,28.852698661458735,45.25383356271456],"D5":[28.69258729167424,44.534902188636856,28.77409742328987,44.54715512846908],"D6":[29.64642818436893,45.14526111664597,29.684707038348943,45.1566280718581],"D7":[29.678905833765807,45.13941599282605,29.69256019615036,45.15080300201247],"D8":[29.593987500967327,44.88257887816953,29.622779029772573,44.89601024708782],"D9":[29.622680544117507,44.89156126714653,29.638105297773556,44.98585046966744]}