{"1":[28.80106623478352,45.17019231310455,29.366202911538515,45.25512161602879],"2":[28.80104900622111,45.11920696983935,29.368190407181743,45.2020723547831],"3":[28.738935831161523,45.180436136961404,29.298610731886587,45.433318927749696],"4":[28.595164415692334,45.177863416845824,28.737145911658114,45.2186969457907],"5":[28.97433740198626,44.68878553238829,29.273804960415088,45.04345848882658],"6":[29.034902901809385,44.825500931798025,29.31674437223272,45.04350216972918],"7":[29.18612154111016,45.00112181541557,29.343293716266086,45.13698028972108],"8":[29.186058093936435,44.94397314292444,29.480992861683152,45.14046939769504],"9":[29.37604913189029,45.044303519033306,29.61192028387023,45.18301009898136],"10":[29.25932835507783,45.17451126589179,29.3919252905701,45.2502528216738],"11":[29.35443211951771,45.1567751961195,29.642532148924357,45.269213420800995],"12":[29.27842538760024,45.2943769591524,29.542473304114836,45.447029765353896],"13":[29.54862318500006,45.158352865514125,29.67852085323721,45.40769160131475],"14":[29.414706984101024,44.89725221964051,29.641792845365327,45.15890288890218],"15":[29.5836730436682,44.837161027626685,29.592629122658234,44.89404359248898],"D1":[29.519928094969718,45.28032014803383,29.598105460545835,45.397576482194765],"D3":[29.154403931456237,45.027784570462266,29.160186404330247,45.03617362423665],"D4":[28.793794327235794,45.190348917218856,28.851696918917735,45.25263143816456],"D5":[28.69158554913324,44.53370006408686,28.77309568074887,44.54595300391908],"D6":[29.64542644182793,45.14405899209597,29.683705295807943,45.1554259473081],"D7":[29.677904091224807,45.138213868276054,29.69155845360936,45.149600877462476],"D8":[29.592985758426327,44.881376753619534,29.621777287231573,44.894808122537825],"D9":[29.621678801576508,44.89035914259653,29.637103555232557,44.98464834511744],"D2":[29.387491059932387,45.02257028030219,29.411965119169594,45.07467241898907]}