{"1":[28.80206797732452,45.67139443765455,29.367204654079515,45.756323740578786],"2":[28.80205074876211,45.620409094389345,29.369192149722743,45.703274479333096],"3":[28.739937573702523,45.6816382615114,29.299612474427587,45.934521052299694],"4":[28.596166158233334,45.67906554139582,28.738147654199114,45.719899070340695],"5":[28.97533914452726,45.189987656938285,29.274806702956088,45.45219778830961],"6":[29.035904644350385,45.32670305634802,29.31774611477372,45.50219757181101],"7":[29.18712328365116,45.50232393996557,29.344295458807085,45.63818241427108],"8":[29.187059836477435,45.44517526747444,29.481994604224152,45.64167152224504],"9":[29.37705087443129,45.545505643583304,29.61292202641123,45.68421222353136],"10":[29.26033009761883,45.675713390441786,29.3929270331111,45.751454946223795],"11":[29.35543386205871,45.657977320669495,29.643533891465356,45.77041554535099],"12":[29.27942713014124,45.7955790837024,29.543475046655836,45.948231889903894],"13":[29.54962492754106,45.65955499006412,29.67952259577821,45.90889372586475],"14":[29.415708726642023,45.398454344190505,29.642794587906327,45.66010501345218],"15":[29.5846747862092,45.33836315217668,29.593630865199234,45.395245717038975],"D1":[29.520929837510717,45.78152227258383,29.599107203086835,45.89877860674476],"D2":[29.388492802473387,45.52377240485219,29.412966861710593,45.575874543539065],"D3":[29.155405673997237,45.528986695012264,29.161188146871247,45.53737574878665],"D4":[28.794796069776794,45.691551041768854,28.852698661458735,45.75383356271456],"D5":[28.69258729167424,45.034902188636856,28.77409742328987,45.04715512846908],"D6":[29.64642818436893,45.64526111664597,29.684707038348943,45.6566280718581],"D7":[29.678905833765807,45.63941599282605,29.69256019615036,45.65080300201247],"D8":[29.593987500967327,45.38257887816953,29.622779029772573,45.39601024708782],"D9":[29.622680544117507,45.39156126714653,29.638105297773556,45.48585046966744]}