{"1":[28.80016794271052,45.17105531249813,29.365304619465515,45.25598461542237],"2":[28.80015071414811,45.12006996923293,29.367292115108743,45.20293535417668],"3":[28.738037539088523,45.18129913635499,29.297712439813587,45.43418192714328],"4":[28.594266123619335,45.17872641623941,28.736247619585114,45.21955994518428],"5":[28.97343910991326,44.68964853178187,29.272906668342088,45.04432148822016],"6":[29.034004609736385,44.82636393119161,29.31584608015972,45.04436516912276],"7":[29.18522324903716,45.001984814809155,29.342395424193086,45.13784328911466],"8":[29.185159801863435,44.944836142318024,29.480094569610152,45.141332397088625],"9":[29.37515083981729,45.04516651842689,29.61102199179723,45.183873098374946],"10":[29.25843006300483,45.17537426528537,29.3910269984971,45.25111582106738],"11":[29.35353382744471,45.15763819551308,29.641633856851357,45.27007642019458],"12":[29.27752709552724,45.295239958545984,29.541575012041836,45.44789276474748],"13":[29.54772489292706,45.15921586490771,29.67762256116421,45.408554600708335],"14":[29.413808692028024,44.89811521903409,29.640894553292327,45.159765888295766],"15":[29.5827747515952,44.83802402702027,29.591730830585234,44.89490659188256],"D1":[29.519029802896718,45.28118314742741,29.597207168472835,45.39843948158835],"D3":[29.153505639383237,45.02864756985585,29.159288112257247,45.037036623630236],"D4":[28.792896035162794,45.19121191661244,28.850798626844735,45.253494437558146],"D5":[28.69068725706024,44.53456306348044,28.77219738867587,44.546816003312664],"D6":[29.64452814975493,45.144921991489554,29.682807003734943,45.156288946701686],"D7":[29.677005799151807,45.13907686766964,29.69066016153636,45.15046387685606],"D8":[29.592087466353327,44.88223975301312,29.620878995158574,44.89567112193141],"D9":[29.620780509503508,44.89122214199011,29.636205263159557,44.985511344511025],"D2":[29.386592767859387,45.02343327969577,29.411066827096594,45.07553541838265]}